qr-test2.1dydx.com/3ViAN5H,https://www.branch.io/features/
qr-test2.1dydx.com/3XktFIq,https://eclecticapproach.app.link/some_alias
qr-test2.1dydx.com/45pkcS7,https://www.branch.io/?utm_source=test_qr&utm_campaign=test_disney_campaign8&utm_medium=marketing&_branch_referrer=H4sIAAAAAAAAA8soKSkottLXT03OSU0uyUxOLCgoyk9MztADMvRyMvOy9VP1U80zwrNyfLPyvJMATY7H4i8AAAA%3D&%24web_only=true&_branch_match_id=1329934746102044721
qr-test2.1dydx.com/3VoUnxa,https://eclecticapproach.app.link/jiUXflMjnKb
qr-test2.1dydx.com/4b57Z6m,https://www.branch.io/?utm_source=test_qr&utm_campaign=test_disney_campaign6&utm_medium=marketing&_branch_referrer=H4sIAAAAAAAAA8soKSkottLXT03OSU0uyUxOLCgoyk9MztADMvRyMvOy9fNLyqOScnyz8ryTAFctUbItAAAA&_branch_match_id=1329934750011258942
qr-test2.1dydx.com/4b0M5kR,https://eclecticapproach.app.link/TtKs5kMjnKb
qr-test2.1dydx.com/3Voy4re,https://eclecticapproach.app.link/QoaV0kMjnKb
qr-test2.1dydx.com/3VCCMDd,https://eclecticapproach.app.link/RrbFWkMjnKb
qr-test2.1dydx.com/4emBbJa,https://eclecticapproach.app.link/Ke0PRkMjnKb
qr-test2.1dydx.com/4bSoiES,https://eclecticapproach.app.link/rD19LkMjnKb
